label_name,t,n,mean,std,q25,q50,q75,time_s
abnormal,0,10506,0.9754683545787244,0.036353653016040974,0.9573268890380859,1.0,1.0,0.0
abnormal,1,10506,0.7255820578510074,0.1990302240029567,0.5865598320960999,0.7453358173370361,0.8897892832756042,0.008
abnormal,2,10506,0.4383063644308429,0.2626994258759747,0.23645474016666412,0.40358465909957886,0.62004554271698,0.016
abnormal,3,10506,0.2903844336323244,0.2709766957106979,0.07405566424131393,0.21210525929927826,0.427267849445343,0.024
abnormal,4,10506,0.25289674726899225,0.23700435938390116,0.08847185224294662,0.17285382747650146,0.3427477180957794,0.032
abnormal,5,10506,0.24942338809525416,0.21175097778298213,0.10141903162002563,0.18069307506084442,0.32684364914894104,0.04
abnormal,6,10506,0.2456675366858081,0.20015858499208036,0.09717514365911484,0.18237082660198212,0.3276370167732239,0.048
abnormal,7,10506,0.24716008410509624,0.19483994391729909,0.09633027762174606,0.1915014237165451,0.347444087266922,0.056
abnormal,8,10506,0.25020272451900666,0.19315986728523601,0.09852507710456848,0.19675090909004211,0.358577162027359,0.064
abnormal,9,10506,0.2523956282949722,0.19234117174028434,0.09801489114761353,0.20056022703647614,0.36958998441696167,0.072
abnormal,10,10506,0.25499474038853964,0.19252784702688086,0.09827586263418198,0.20331239700317383,0.3767361044883728,0.08
abnormal,11,10506,0.25613548160206145,0.19239780138377377,0.09816887229681015,0.2046303153038025,0.3799999952316284,0.088
abnormal,12,10506,0.2588735377065217,0.193685522507863,0.09948097169399261,0.2083333283662796,0.38314175605773926,0.096
abnormal,13,10506,0.262177393801485,0.1960123950612446,0.10217501223087311,0.20950594544410706,0.38498789072036743,0.104
abnormal,14,10506,0.2643115639026399,0.19663933588241533,0.1046396866440773,0.21132376790046692,0.3869377672672272,0.112
abnormal,15,10506,0.2677828046190526,0.1986888125523154,0.10739750415086746,0.2144097238779068,0.3900594413280487,0.12
abnormal,16,10506,0.2699248574439836,0.20073450802121204,0.1096513420343399,0.21577909588813782,0.39141005277633667,0.128
abnormal,17,10506,0.27273956623051254,0.20013750375892556,0.11309115588665009,0.22062434256076813,0.39512619376182556,0.136
abnormal,18,10506,0.2760933458225401,0.1996512274626628,0.11837294697761536,0.22309300303459167,0.39783722162246704,0.144
abnormal,19,10506,0.27821898347801294,0.19996645247352052,0.12053258717060089,0.22534368932247162,0.4000000059604645,0.152
abnormal,20,10506,0.28049171760533087,0.19645001599163842,0.12521840631961823,0.23089256882667542,0.4067796468734741,0.16
abnormal,21,10506,0.2829372635145735,0.195946992572677,0.12940330803394318,0.23469744622707367,0.4097283184528351,0.168
abnormal,22,10506,0.28878770926900116,0.1943754586551718,0.13852813839912415,0.24204851686954498,0.4166666567325592,0.176
abnormal,23,10506,0.2975725266775785,0.19486796151727045,0.14793536067008972,0.25273123383522034,0.4292683005332947,0.184
abnormal,24,10506,0.3058749746224464,0.19694678276224784,0.15576143562793732,0.2602304220199585,0.44235116243362427,0.192
abnormal,25,10506,0.31508461070722604,0.1993922457317028,0.16356228291988373,0.2688821852207184,0.45439469814300537,0.2
abnormal,26,10506,0.3217832123793545,0.2006138650667289,0.16946779191493988,0.27610209584236145,0.46064943075180054,0.208
abnormal,27,10506,0.32771966760337984,0.20198376537390053,0.17304964363574982,0.2839622497558594,0.46541303396224976,0.216
abnormal,28,10506,0.3340273766098118,0.2048808324687373,0.17573483288288116,0.29100000858306885,0.47253572940826416,0.224
abnormal,29,10506,0.3385621855875928,0.20851732412314058,0.1774785816669464,0.293464332818985,0.47625699639320374,0.232
abnormal,30,10506,0.34226958767864696,0.21206242825149607,0.18135593831539154,0.29597553610801697,0.48250651359558105,0.24
abnormal,31,10506,0.3429211222239015,0.21534692730538899,0.18382352590560913,0.29416701197624207,0.48403123021125793,0.248
abnormal,32,10506,0.3429326910874374,0.21727745022215916,0.18224932253360748,0.29555314779281616,0.48683321475982666,0.256
abnormal,33,10506,0.34151936226359797,0.2175857271146134,0.17994579672813416,0.29360780119895935,0.48530393838882446,0.264
abnormal,34,10506,0.33709899234180535,0.21483163398187788,0.17548434436321259,0.29012346267700195,0.47960618138313293,0.272
abnormal,35,10506,0.33260664179625826,0.2098260273518189,0.171875,0.2850707769393921,0.47250857949256897,0.28
abnormal,36,10506,0.3249263355841609,0.20358177675785732,0.1683848798274994,0.2765237092971802,0.45890823006629944,0.288
abnormal,37,10506,0.3179229624469378,0.19810072622515434,0.16540347039699554,0.26796072721481323,0.4456118643283844,0.296
abnormal,38,10506,0.3103514559075517,0.19366117559492518,0.1602739691734314,0.2566964328289032,0.43189963698387146,0.304
abnormal,39,10506,0.3029040245721852,0.19047294920080576,0.15484803915023804,0.25,0.4196261763572693,0.312
abnormal,40,10506,0.29825112351026606,0.18845393988076573,0.15226337313652039,0.24267782270908356,0.41209301352500916,0.32
abnormal,41,10506,0.29390383781161383,0.18706266000195806,0.15118174254894257,0.23721665143966675,0.40814629197120667,0.328
abnormal,42,10506,0.2908286203015293,0.18680203790436103,0.14655593037605286,0.23438505828380585,0.4019336998462677,0.336
abnormal,43,10506,0.28756325882732764,0.18651598803329494,0.1436077058315277,0.2324019968509674,0.4008120596408844,0.344
abnormal,44,10506,0.28585269301054905,0.18718053646932656,0.14000000059604645,0.2328495979309082,0.400858998298645,0.352
abnormal,45,10506,0.28767042774247886,0.18899216743136302,0.13887640833854675,0.2358189970254898,0.40329670906066895,0.36
abnormal,46,10506,0.28934408020944946,0.191304631953106,0.14026685059070587,0.23723722994327545,0.40227818489074707,0.368
abnormal,47,10506,0.29134386554479175,0.1947454728045523,0.13948126137256622,0.23792243003845215,0.40331754088401794,0.376
abnormal,48,10506,0.2933128407853651,0.19726568413359577,0.1412125825881958,0.23736461997032166,0.403369665145874,0.384
abnormal,49,10506,0.29258492580336104,0.19633595439096724,0.1399613916873932,0.2370838075876236,0.40115973353385925,0.392
abnormal,50,10506,0.29291394109504487,0.19490013317296492,0.1399689018726349,0.23960396647453308,0.40468910336494446,0.4
abnormal,51,10505,0.2912121814696685,0.19325250552655548,0.13909775018692017,0.23813354969024658,0.4017341136932373,0.408
abnormal,52,10503,0.2888971562912303,0.19103938490547503,0.138992041349411,0.23634453117847443,0.3971291780471802,0.416
abnormal,53,10502,0.28677138551123044,0.19081596563360356,0.1374589204788208,0.23194946348667145,0.39726027846336365,0.424
abnormal,54,10502,0.2833505875519105,0.1889900680045824,0.13671061396598816,0.22905318439006805,0.3949386477470398,0.432
abnormal,55,10497,0.2820383013816586,0.1883961292704927,0.13528437912464142,0.22588099539279938,0.3947858512401581,0.44
abnormal,56,10446,0.2792859481558098,0.1891467794616374,0.13459008932113647,0.22261692583560944,0.390228807926178,0.448
abnormal,57,10402,0.2781767239871805,0.18764394686929642,0.13506680727005005,0.2193932831287384,0.38655462861061096,0.456
abnormal,58,10353,0.2789691600623019,0.187173879695016,0.13604417443275452,0.22061856091022491,0.38550058007240295,0.464
abnormal,59,10326,0.2802977683472,0.18784203893035453,0.13579575717449188,0.22285108268260956,0.38829150795936584,0.472
abnormal,60,10300,0.2832759358984129,0.18994037124190308,0.1365155130624771,0.2261936515569687,0.3940983712673187,0.48
abnormal,61,10235,0.28389587919944353,0.19063259821827172,0.13653995096683502,0.23071733117103577,0.39251208305358887,0.488
abnormal,62,10202,0.2848738768063181,0.19102181797957654,0.13503971695899963,0.23359471559524536,0.397382915019989,0.496
abnormal,63,10163,0.28625775167587164,0.19267325289150974,0.13490363955497742,0.23511449992656708,0.4021226465702057,0.504
abnormal,64,10126,0.2857163812009643,0.19346245648504892,0.13214880228042603,0.23278315365314484,0.40323546528816223,0.512
abnormal,65,10116,0.2871971638003407,0.19542052973719462,0.13486842811107635,0.23501873016357422,0.4105820059776306,0.52
abnormal,66,10090,0.28988126052937646,0.19928481334142256,0.13497453927993774,0.23492063581943512,0.41729581356048584,0.528
abnormal,67,10072,0.2981734456335767,0.20951059861144486,0.13478556275367737,0.23711340129375458,0.4304884672164917,0.536
abnormal,68,10037,0.30022541691020027,0.21565478028603888,0.1343042105436325,0.23723939061164856,0.4331550896167755,0.544
abnormal,69,10005,0.2955753340427743,0.21044337986794304,0.1312277615070343,0.2347368448972702,0.4285714328289032,0.552
abnormal,70,9965,0.2971632819054318,0.21142707996695234,0.13269230723381042,0.238478422164917,0.42798691987991333,0.56
abnormal,71,9957,0.29877560658424607,0.2197562321735618,0.13239675760269165,0.23565998673439026,0.4166666567325592,0.568
abnormal,72,9943,0.2925292548458643,0.2125524518931654,0.1286974549293518,0.23263327777385712,0.40840601921081543,0.576
abnormal,73,9907,0.2804066109096713,0.20234686357500561,0.12648221850395203,0.2250821441411972,0.38992246985435486,0.584
abnormal,74,9870,0.27190365812131073,0.2019537819743831,0.12193731963634491,0.21585160493850708,0.37056276202201843,0.592
abnormal,75,9825,0.271517414485576,0.20368197574130584,0.12033694237470627,0.2128879874944687,0.3667285144329071,0.6
abnormal,76,9806,0.2710598434711264,0.207128833857898,0.11934477090835571,0.21107693016529083,0.36421725153923035,0.608
abnormal,77,9789,0.27470289772336853,0.2113577158588004,0.11761835217475891,0.2174840122461319,0.37281256914138794,0.616
abnormal,78,9727,0.28161754146798473,0.21492051671278237,0.11813725531101227,0.22357019782066345,0.38847583532333374,0.624
abnormal,79,9668,0.2918487265694864,0.2256456821869378,0.11943040788173676,0.22768670320510864,0.40723055601119995,0.632
abnormal,80,9609,0.29969080604768095,0.23311054729329458,0.1202060654759407,0.23246650397777557,0.4233511686325073,0.64
abnormal,81,9432,0.30036897515913186,0.23398528072751645,0.11848143488168716,0.23232322931289673,0.4304932653903961,0.648
abnormal,82,9414,0.29871829993031845,0.24070145596225365,0.11141552776098251,0.22858256101608276,0.4283319413661957,0.656
abnormal,83,9409,0.30069318993681693,0.24724716149766388,0.10836058109998703,0.22439023852348328,0.433453232049942,0.664
abnormal,84,9304,0.3038715542585461,0.24852061484541604,0.11298076808452606,0.22736841440200806,0.43043479323387146,0.672
abnormal,85,9119,0.31050497518320525,0.2566600583432371,0.11447212100028992,0.2330097109079361,0.4354371726512909,0.68
abnormal,86,9029,0.3023241991137038,0.249053715057301,0.11189710348844528,0.23197253048419952,0.4248120188713074,0.688
abnormal,87,8945,0.291625492241958,0.24079810962155052,0.10623494535684586,0.22792494297027588,0.4066811800003052,0.696
abnormal,88,8861,0.2913270472346374,0.24534522450747898,0.10404984652996063,0.22272945940494537,0.4064587950706482,0.704
abnormal,89,8841,0.29148382827405434,0.24529873917423134,0.10446859896183014,0.22511211037635803,0.4000000059604645,0.712
abnormal,90,8762,0.2871545942712975,0.23935897516768503,0.10576923191547394,0.22391857206821442,0.39307358860969543,0.72
abnormal,91,8673,0.28178939520204266,0.2348537118980065,0.10604265332221985,0.22102747857570648,0.3806881308555603,0.728
abnormal,92,8577,0.281421606886001,0.23222783484727802,0.10599721223115921,0.21993769705295563,0.38508933782577515,0.736
abnormal,93,8458,0.27937324496363675,0.2284289774892147,0.10751374810934067,0.21755319833755493,0.3841463327407837,0.744
abnormal,94,8295,0.27929423911357143,0.2261852988851621,0.11030679196119308,0.21792487800121307,0.38853129744529724,0.752
abnormal,95,8261,0.2807887876696047,0.22406027330045925,0.11176687479019165,0.22379270195960999,0.3943377137184143,0.76
abnormal,96,8062,0.28062142124367484,0.22404341369594638,0.11187607795000076,0.2209131121635437,0.3952164053916931,0.768
abnormal,97,7878,0.28416556273279164,0.22727430883371105,0.11167748272418976,0.22191528975963593,0.40470507740974426,0.776
abnormal,98,7663,0.2869686016848857,0.2303424182637755,0.1109243705868721,0.22446323931217194,0.4152298867702484,0.784
abnormal,99,7400,0.2908626867270465,0.2347768015806304,0.10807529091835022,0.22156013548374176,0.42811158299446106,0.792
abnormal,100,7182,0.2974823048069852,0.24557653256257705,0.10908319056034088,0.21924398839473724,0.4364035129547119,0.8
abnormal,101,7122,0.2994384195873467,0.2500738562949366,0.10819672048091888,0.21432074904441833,0.43988603353500366,0.808
abnormal,102,6816,0.3006251488633341,0.2529561481866877,0.10644567012786865,0.21549636125564575,0.4444444477558136,0.816
abnormal,103,6621,0.2967341270591591,0.248437905437231,0.10694264620542526,0.2137930989265442,0.43450185656547546,0.824
abnormal,104,6468,0.28995819339757734,0.24311488405599477,0.10199744999408722,0.2139705866575241,0.4282592833042145,0.832
abnormal,105,6205,0.2829416893995018,0.2380362432160582,0.10270269960165024,0.20556586980819702,0.41182076930999756,0.84
abnormal,106,5943,0.27641776868890044,0.23355918087437652,0.0972447320818901,0.20270270109176636,0.396871954202652,0.848
abnormal,107,5883,0.27162756396586235,0.2321234947704342,0.09458333253860474,0.20105819404125214,0.3858214020729065,0.856
abnormal,108,5659,0.26878713597465775,0.23308353556279818,0.09477865695953369,0.19913886487483978,0.375386506319046,0.864
abnormal,109,5436,0.2658354179360735,0.23281047540685887,0.09045226126909256,0.1965533345937729,0.36726805567741394,0.872
abnormal,110,5246,0.2626023168131117,0.2275169211620101,0.09020723402500153,0.1988610476255417,0.36401456594467163,0.88
abnormal,111,5078,0.2596169561619438,0.22381880238970017,0.0892857164144516,0.19965074956417084,0.35660091042518616,0.888
abnormal,112,4895,0.2611217654474444,0.22414309147706002,0.0901525691151619,0.20477814972400665,0.35391923785209656,0.896
abnormal,113,4852,0.2621347500393454,0.223827549625501,0.09520594030618668,0.2045680284500122,0.350932776927948,0.904
abnormal,114,4727,0.26128198804413305,0.22108022668382923,0.09659408032894135,0.20518358051776886,0.35263702273368835,0.912
abnormal,115,4581,0.2623818694032039,0.22540112184506844,0.09638553857803345,0.20331324636936188,0.3483351767063141,0.92
abnormal,116,4408,0.2633569891755994,0.22891941506221322,0.09744597226381302,0.20051473379135132,0.34790873527526855,0.928
abnormal,117,4238,0.2604462451913753,0.22438659321228466,0.09711286425590515,0.197247713804245,0.3443181812763214,0.936
abnormal,118,4082,0.2580108587739436,0.22032566325440112,0.09628217667341232,0.19508008658885956,0.35005903244018555,0.944
abnormal,119,4055,0.25684191641557397,0.21871860609229246,0.09970887750387192,0.19292157888412476,0.34929993748664856,0.952
abnormal,120,3830,0.2608793807175486,0.2221591381022012,0.10053618997335434,0.19206032156944275,0.35125115513801575,0.96
abnormal,121,3628,0.2607413484315622,0.22209902692331962,0.1026785746216774,0.19134396314620972,0.3497716784477234,0.968
abnormal,122,3393,0.2634626171273936,0.2234731223239919,0.10462776571512222,0.191245436668396,0.3600562512874603,0.976
abnormal,123,3192,0.2638113548860122,0.21879235555046914,0.10989011079072952,0.1929762363433838,0.36583811044692993,0.984
abnormal,124,3010,0.2592178467675453,0.2184443006764741,0.10884955525398254,0.1899159699678421,0.3473082482814789,0.992
abnormal,125,2983,0.25630868439665805,0.2138312378716082,0.11066559702157974,0.1926945447921753,0.3294379413127899,1.0
abnormal,126,2812,0.2555740554796735,0.20779666492720447,0.1098848357796669,0.1938951015472412,0.33357664942741394,1.008
abnormal,127,2700,0.25381178927130316,0.20673569578927622,0.11036339402198792,0.19265271723270416,0.3245546221733093,1.016
abnormal,128,2581,0.2575301239513714,0.20969329349340932,0.10922855138778687,0.19840364158153534,0.326381653547287,1.024
abnormal,129,2457,0.26401918326935886,0.21639723259084676,0.11061151325702667,0.20126283168792725,0.33515122532844543,1.032
abnormal,130,2294,0.2683456957448029,0.22206119172207264,0.10600706934928894,0.19861555099487305,0.35073068737983704,1.04
abnormal,131,2281,0.26243224617958166,0.21558982732197585,0.10278071463108063,0.198586568236351,0.33902594447135925,1.048
abnormal,132,2188,0.25911431541604457,0.21547425507061962,0.10307691991329193,0.1922437697649002,0.3302752375602722,1.056
abnormal,133,2084,0.25414533564020836,0.2069232965665805,0.1044921875,0.18917196989059448,0.3302752375602722,1.064
abnormal,134,1987,0.2567754413124158,0.2121901359098336,0.1041666641831398,0.18851757049560547,0.333518922328949,1.072
abnormal,135,1867,0.26056181622697033,0.2151981645574022,0.10432569682598114,0.19009901583194733,0.34185734391212463,1.08
abnormal,136,1749,0.26056841473875747,0.21087712182185267,0.1041666641831398,0.19184783101081848,0.34202295541763306,1.088
abnormal,137,1716,0.2622906844651854,0.20479789408280455,0.10770975053310394,0.19698600471019745,0.3509907126426697,1.096
abnormal,138,1611,0.2632241347157697,0.20260228698378813,0.10859232395887375,0.2009531408548355,0.36120402812957764,1.104
abnormal,139,1484,0.26091269986188437,0.20671911639850846,0.11092294752597809,0.1954137533903122,0.3476821184158325,1.112
abnormal,140,1390,0.26153706855529235,0.2134652400598252,0.10946531593799591,0.19323483109474182,0.33929991722106934,1.12
abnormal,141,1294,0.2645067056364609,0.22002707184288745,0.10852713137865067,0.1934916377067566,0.34259259700775146,1.128
abnormal,142,1224,0.26951521195720857,0.23133168564294093,0.10742918401956558,0.1975228190422058,0.33403804898262024,1.136
abnormal,143,1187,0.27235253072181353,0.2380441677834408,0.11145239323377609,0.19718310236930847,0.3261190354824066,1.144
abnormal,144,1106,0.2697450406607291,0.23174221470619838,0.11023622006177902,0.2050420194864273,0.3278319537639618,1.152
abnormal,145,1036,0.2566182494944653,0.20845552302906806,0.11789697408676147,0.2051965296268463,0.3023858964443207,1.16
abnormal,146,975,0.24230604076041626,0.19064265485318496,0.10760033875703812,0.20515574514865875,0.29629629850387573,1.168
abnormal,147,931,0.2327134076551978,0.18235788353119284,0.09994567930698395,0.2003663033246994,0.2794612646102905,1.176
abnormal,148,848,0.22515310137999411,0.18739434403830993,0.08884746581315994,0.20061099529266357,0.2681642770767212,1.184
abnormal,149,830,0.23100373469046262,0.18841290658485332,0.10698198527097702,0.20400258898735046,0.2707258462905884,1.192
abnormal,150,756,0.23483233210025847,0.18463886797587406,0.11644124984741211,0.2072683721780777,0.2742663621902466,1.2
abnormal,151,697,0.25050682286161347,0.18517682724396511,0.1371280699968338,0.21624472737312317,0.2930091321468353,1.208
abnormal,152,674,0.2644796324931831,0.18412112292903643,0.15771622955799103,0.2250850796699524,0.3187066912651062,1.216
abnormal,153,626,0.2782654055712608,0.1914411332547883,0.17086093127727509,0.23336853086948395,0.3308010995388031,1.224
abnormal,154,562,0.28554894354575966,0.1921697097128926,0.1727042943239212,0.23378075659275055,0.3574821949005127,1.232
abnormal,155,560,0.28527725703398965,0.18641050053920538,0.17571058869361877,0.23822128772735596,0.36061587929725647,1.24
normal,0,4046,0.9796703202236542,0.029061408619368206,0.9644535779953003,1.0,1.0,0.0
normal,1,4046,0.711485811968178,0.18637638128836703,0.5801598429679871,0.7261567711830139,0.8632883429527283,0.008
normal,2,4046,0.3116767520179539,0.183456890369523,0.16410861909389496,0.30281689763069153,0.4352988600730896,0.016
normal,3,4046,0.1195750164935445,0.11045740813053982,0.028717294335365295,0.09225806593894958,0.1870330274105072,0.024
normal,4,4046,0.08860808302545732,0.07576011941153873,0.027737226337194443,0.07911527156829834,0.1347150206565857,0.032
normal,5,4046,0.13084257316420822,0.08110411154400812,0.07077237218618393,0.12106537818908691,0.18360376358032227,0.04
normal,6,4046,0.15965252377988567,0.09013120858571641,0.09465441107749939,0.1339869350194931,0.2161310613155365,0.048
normal,7,4046,0.16560798134209412,0.09609376908020019,0.0988478884100914,0.14245013892650604,0.2176719307899475,0.056
normal,8,4046,0.16800533957178973,0.10250615752336648,0.09557522088289261,0.14290057122707367,0.220326766371727,0.064
normal,9,4046,0.17078315224818752,0.10619017142758784,0.09496919810771942,0.14471404254436493,0.22278203070163727,0.072
normal,10,4046,0.17382569505625464,0.10827744789645201,0.09645909816026688,0.1468832939863205,0.22563804686069489,0.08
normal,11,4046,0.1771059790141632,0.10975445355669113,0.09912768006324768,0.14905399084091187,0.2306387722492218,0.088
normal,12,4046,0.1804036482938361,0.1110026252151692,0.10110519826412201,0.15298885107040405,0.2334723025560379,0.096
normal,13,4046,0.1839689592333295,0.11169975897406391,0.10457790642976761,0.15648238360881805,0.23521225154399872,0.104
normal,14,4046,0.1875227501706977,0.11201387494948692,0.10786948353052139,0.161409392952919,0.23880280554294586,0.112
normal,15,4046,0.19165582785488636,0.11233115353604577,0.11213826388120651,0.1648230105638504,0.24489343166351318,0.12
normal,16,4046,0.19633148689009663,0.11304926092527574,0.11712034046649933,0.16862745583057404,0.2484581470489502,0.128
normal,17,4046,0.20171701239209736,0.11360166488131564,0.12292230129241943,0.17550446093082428,0.2539611756801605,0.136
normal,18,4046,0.20801990011014557,0.11486278151514531,0.12889039516448975,0.18040508031845093,0.26063182950019836,0.144
normal,19,4046,0.21529919102858638,0.11614569551143034,0.13591836392879486,0.18782539665699005,0.2691415250301361,0.152
normal,20,4046,0.22399157154900023,0.11811282600122137,0.1433764100074768,0.19640564918518066,0.28252550959587097,0.16
normal,21,4046,0.23383714707966044,0.12058555934896555,0.1512756049633026,0.20748883485794067,0.2962875962257385,0.168
normal,22,4046,0.24536391413617314,0.12384575509389145,0.16054759919643402,0.2202339917421341,0.3127489984035492,0.176
normal,23,4046,0.259295575612133,0.12830763514472707,0.17111913859844208,0.2362244874238968,0.3298429250717163,0.184
normal,24,4046,0.2749836966998459,0.13330764531408743,0.1837588995695114,0.2531542479991913,0.34763091802597046,0.192
normal,25,4046,0.29241168563076014,0.1387381028033757,0.19699248671531677,0.2696443200111389,0.36711061000823975,0.2
normal,26,4046,0.310796816957156,0.14361408785639845,0.21136701107025146,0.2899647057056427,0.3855814039707184,0.208
normal,27,4046,0.3297144545383063,0.14738378773169195,0.22757753729820251,0.30891159176826477,0.4065708518028259,0.216
normal,28,4046,0.34794176188152554,0.14921072334846122,0.24450846016407013,0.32732734084129333,0.42431193590164185,0.224
normal,29,4046,0.3646347779638833,0.14922970746936703,0.2630872428417206,0.3397321403026581,0.4323119819164276,0.232
normal,30,4046,0.3776822258652479,0.147631631995629,0.2817531228065491,0.3469206988811493,0.4400749206542969,0.24
normal,31,4046,0.38717745818304533,0.14555792076805657,0.29105323553085327,0.3560458719730377,0.4536050260066986,0.248
normal,32,4046,0.38977141021297407,0.1410994100553851,0.2918586730957031,0.36389684677124023,0.4577067792415619,0.256
normal,33,4046,0.3847186674616653,0.1348072790659686,0.293378621339798,0.36473163962364197,0.4510556757450104,0.264
normal,34,4046,0.37208020023622257,0.12933121558025917,0.2781546711921692,0.3569989800453186,0.4529816508293152,0.272
normal,35,4046,0.354507130256279,0.1269795721599709,0.26096588373184204,0.3407270610332489,0.4473472535610199,0.28
normal,36,4046,0.3332291988732346,0.12722283607415305,0.23653501272201538,0.3162878751754761,0.42925554513931274,0.288
normal,37,4046,0.3100459648078023,0.1279635409225104,0.21231119334697723,0.29588431119918823,0.4025452136993408,0.296
normal,38,4046,0.2872285777145883,0.12776580286738143,0.18865248560905457,0.2771553695201874,0.368656724691391,0.304
normal,39,4046,0.2660938460178198,0.1265926905563258,0.1665332317352295,0.25337985157966614,0.33634495735168457,0.312
normal,40,4046,0.24752205027680746,0.12475450307890482,0.15024682879447937,0.23106880486011505,0.3127167522907257,0.32
normal,41,4046,0.2316933032652355,0.12194593103080625,0.13648410141468048,0.21269841492176056,0.2970692813396454,0.328
normal,42,4046,0.21848915036983174,0.1180655597114218,0.1270151436328888,0.19836856424808502,0.28323453664779663,0.336
normal,43,4046,0.20845542029508501,0.11394066143547554,0.1205357164144516,0.18905353546142578,0.27130043506622314,0.344
normal,44,4046,0.20047195942324803,0.11002912919651929,0.11557243764400482,0.18127404153347015,0.2620932161808014,0.352
normal,45,4046,0.1947198617327323,0.10646513847522487,0.11266054958105087,0.17431192100048065,0.2582896947860718,0.36
normal,46,4046,0.1905377047620732,0.10422494113966108,0.10982658714056015,0.16874513030052185,0.2572046220302582,0.368
normal,47,4046,0.18812286015651758,0.10284272413885594,0.10742495954036713,0.16636238992214203,0.25762858986854553,0.376
normal,48,4046,0.18696295484777095,0.10240968837140399,0.10683760792016983,0.16391359269618988,0.2556428015232086,0.384
normal,49,4046,0.18635082686963542,0.10240398721009164,0.10616438090801239,0.16345742344856262,0.25417131185531616,0.392
normal,50,4046,0.1866621154744189,0.10317812803074648,0.10667689889669418,0.16277195513248444,0.25255972146987915,0.4
normal,51,4046,0.18717109901165382,0.1041206850122908,0.10646969079971313,0.16182732582092285,0.25249168276786804,0.408
normal,52,4046,0.18787503113946682,0.10530635465267717,0.10765090584754944,0.16179215908050537,0.2518579661846161,0.416
normal,53,4046,0.18925393933846485,0.10609949703935377,0.10810811072587967,0.1645064800977707,0.25248974561691284,0.424
normal,54,4046,0.18989423580363657,0.1059157996553222,0.10902953892946243,0.16455160081386566,0.25504782795906067,0.432
normal,55,4046,0.1908181923897007,0.106235448763442,0.10903768986463547,0.1658601015806198,0.25732484459877014,0.44
normal,56,4046,0.19134632464211934,0.1064245004271801,0.1089644506573677,0.1664268523454666,0.2606382966041565,0.448
normal,57,4046,0.1918452204090234,0.10676408120475997,0.10962837934494019,0.1674620360136032,0.2612192928791046,0.456
normal,58,4046,0.19234761017873273,0.10707664277797294,0.11015953123569489,0.16874195635318756,0.2613561451435089,0.464
normal,59,4046,0.19200430094281482,0.1075986725902877,0.10896960645914078,0.16907775402069092,0.2601088583469391,0.472
normal,60,4046,0.19140688265345573,0.10808683176918607,0.10914634168148041,0.1683168262243271,0.256738543510437,0.48
normal,61,4046,0.1906490356917919,0.10938260165648346,0.10816901177167892,0.16618746519088745,0.2548125684261322,0.488
normal,62,4042,0.1898952956780119,0.11035552982564163,0.10675105452537537,0.16393442451953888,0.2505050599575043,0.496
normal,63,4042,0.18916784266306236,0.11171190904294857,0.10503040254116058,0.16348548233509064,0.24745357036590576,0.504
normal,64,4042,0.18810381695389922,0.11198770209027047,0.10326744616031647,0.16252630949020386,0.2469804286956787,0.512
normal,65,4042,0.18716295600944452,0.11204274810034622,0.10299400985240936,0.1622212529182434,0.2452554702758789,0.52
normal,66,4042,0.1859754889461321,0.11162566845765755,0.10090817511081696,0.16052061319351196,0.2442273497581482,0.528
normal,67,4042,0.1844822000439119,0.11071009869923853,0.09914443641901016,0.1600753366947174,0.24436990916728973,0.536
normal,68,4042,0.18333625791026192,0.11013783939095234,0.09652509540319443,0.16085541248321533,0.24495476484298706,0.544
normal,69,4042,0.18236347644552744,0.11079260267572216,0.09526938199996948,0.16077616810798645,0.24689440429210663,0.552
normal,70,4040,0.1824900192109462,0.11556513640466551,0.09377038478851318,0.15827664732933044,0.24570231139659882,0.56
normal,71,4037,0.18372714171448623,0.12601929978751988,0.09186864644289017,0.15834005177021027,0.2462054044008255,0.568
normal,72,4037,0.18419567777074833,0.12756462936729118,0.0916348472237587,0.15813954174518585,0.24781523644924164,0.576
normal,73,4037,0.18599242140828054,0.12900813061152372,0.09139465540647507,0.15820643305778503,0.2503105700016022,0.584
normal,74,4037,0.18949686001223467,0.1415023914550626,0.09101219475269318,0.1601388156414032,0.25162407755851746,0.592
normal,75,4037,0.1912876778613967,0.14641537776510555,0.09086021780967712,0.1601802557706833,0.2507360279560089,0.6
normal,76,4037,0.19169183329169867,0.14010687539052366,0.09231853485107422,0.16186439990997314,0.2535039484500885,0.608
normal,77,4037,0.19200214342974775,0.14002465031739086,0.09401709586381912,0.16429495811462402,0.2523117661476135,0.616
normal,78,4037,0.19263737200752892,0.14349748460300057,0.09555189311504364,0.16277439892292023,0.25122714042663574,0.624
normal,79,4037,0.1920814425239988,0.14205134758894036,0.09771054983139038,0.16323232650756836,0.25,0.632
normal,80,4037,0.19056889679690545,0.13461767601812646,0.09801136702299118,0.16385981440544128,0.245045468211174,0.64
normal,81,4037,0.1893917046152129,0.13230573093634673,0.09778457134962082,0.16561314463615417,0.24617129564285278,0.648
normal,82,4036,0.18893231977964775,0.13193232719603823,0.09957173466682434,0.16336295008659363,0.2452910989522934,0.656
normal,83,4035,0.18836502731798502,0.13255078502441286,0.0982864499092102,0.1611521989107132,0.24585987627506256,0.664
normal,84,4027,0.1882469126226349,0.13241270184897244,0.09791425615549088,0.15863454341888428,0.24500322341918945,0.672
normal,85,4008,0.1894244407941766,0.14045143245330638,0.0962931364774704,0.1565249264240265,0.24432717263698578,0.68
normal,86,3990,0.18955560818887585,0.14505569713417654,0.0950537621974945,0.15252524614334106,0.24295474588871002,0.688
normal,87,3983,0.18976896967987422,0.1516644818955251,0.09264305233955383,0.15130023658275604,0.2426813691854477,0.696
normal,88,3964,0.18862333558356498,0.15384812597484984,0.09000497311353683,0.1503014713525772,0.24144487082958221,0.704
normal,89,3951,0.18472942458614788,0.14804127168829312,0.08665835112333298,0.1491662859916687,0.23722746968269348,0.712
normal,90,3919,0.18245965292558225,0.1487716050742444,0.08424415439367294,0.14762164652347565,0.23920266330242157,0.72
normal,91,3889,0.18475770940846103,0.15491346937777864,0.08305425196886063,0.1487845778465271,0.24164198338985443,0.728
normal,92,3858,0.1887526092395888,0.16044763226709238,0.08294209837913513,0.14966242015361786,0.2467464804649353,0.736
normal,93,3820,0.19472181879328954,0.17015635354898553,0.08319184929132462,0.150459423661232,0.2537961006164551,0.744
normal,94,3791,0.20053321153467615,0.18208776597804346,0.08237452059984207,0.15271593630313873,0.25472238659858704,0.752
normal,95,3785,0.2064117779263235,0.19267386128478856,0.08237704634666443,0.15433673560619354,0.2599337697029114,0.76
normal,96,3766,0.20847684169944625,0.1923548752927139,0.08041831851005554,0.15469256043434143,0.26478680968284607,0.768
normal,97,3738,0.20968119929537823,0.19665660737752144,0.07959356158971786,0.1541731059551239,0.2663847804069519,0.776
normal,98,3717,0.21536238146201836,0.20741807718556804,0.08003266900777817,0.15340638160705566,0.2677435278892517,0.784
normal,99,3705,0.2171853339857756,0.20734765035406588,0.08134785294532776,0.15366089344024658,0.2713972330093384,0.792
normal,100,3702,0.21740780337378438,0.20570516620885135,0.08329896628856659,0.15317484736442566,0.27377521991729736,0.8
normal,101,3700,0.21766713557975695,0.20739884441051498,0.08275862038135529,0.15226688981056213,0.26938238739967346,0.808
normal,102,3655,0.2202562381272942,0.20802852729434004,0.0833333358168602,0.1555355042219162,0.27292367815971375,0.816
normal,103,3623,0.2240708649840068,0.21448362229147358,0.08470764756202698,0.15596744418144226,0.27312013506889343,0.824
normal,104,3581,0.2218115475481021,0.20954280094013744,0.08704137057065964,0.1564822494983673,0.26948052644729614,0.832
normal,105,3542,0.21687122756674246,0.20397973957884868,0.08755186945199966,0.15205395221710205,0.2601092755794525,0.84
normal,106,3519,0.21249324651507137,0.19840763071569445,0.0863422304391861,0.1517501175403595,0.25486379861831665,0.848
normal,107,3517,0.21248318270500047,0.19987738956024986,0.08680909126996994,0.15003061294555664,0.2526780068874359,0.856
normal,108,3495,0.2131836806884627,0.19769738579229773,0.08784473687410355,0.15206773579120636,0.2521160840988159,0.864
normal,109,3465,0.214872394849897,0.2000033200788256,0.0887480154633522,0.15365079045295715,0.2530966103076935,0.872
normal,110,3435,0.21677643493749202,0.2043442361264605,0.08876080811023712,0.15671181678771973,0.25214898586273193,0.88
normal,111,3385,0.2180655145561639,0.20267434822898067,0.08968985825777054,0.16133274137973785,0.2539482116699219,0.888
normal,112,3334,0.22182898009571636,0.2067738086176895,0.09252506494522095,0.16266246140003204,0.2587621212005615,0.896
normal,113,3321,0.22422474117399463,0.20968809025026644,0.09395080804824829,0.16310371458530426,0.25637808442115784,0.904
normal,114,3255,0.22349910594618805,0.20813498984850595,0.09384572505950928,0.16234594583511353,0.2604433000087738,0.912
normal,115,3180,0.22030994147464997,0.20304653679498696,0.09541188925504684,0.16483516991138458,0.2551071345806122,0.92
normal,116,3132,0.21878700292356862,0.20033194906689056,0.09626121073961258,0.1635500192642212,0.2570573091506958,0.928
normal,117,3024,0.22024246259292504,0.19936602013086727,0.09663120657205582,0.1642116755247116,0.260466992855072,0.936
normal,118,2890,0.2206353238546515,0.2035986370036341,0.093377485871315,0.16024653613567352,0.26432907581329346,0.944
normal,119,2884,0.22098039763351682,0.19876899281115107,0.09545836597681046,0.16201117634773254,0.2672989070415497,0.952
normal,120,2827,0.22211222437256173,0.1996845517648032,0.09702878445386887,0.16087515652179718,0.279296875,0.96
normal,121,2710,0.2238382962874929,0.203389303792635,0.09377344697713852,0.15466351807117462,0.2852213978767395,0.968
normal,122,2595,0.22370310182918018,0.2031568288035383,0.09367816150188446,0.15336595475673676,0.29604652523994446,0.976
normal,123,2490,0.2254925909275764,0.20272330080803916,0.0948883667588234,0.15455341339111328,0.2982635200023651,0.984
normal,124,2440,0.23047908444884835,0.207792025297124,0.09900230169296265,0.15940560400485992,0.30551010370254517,0.992
normal,125,2420,0.23376673615204693,0.21071841459093166,0.10160218924283981,0.1637614667415619,0.3093220293521881,1.0
normal,126,2300,0.23368764983383816,0.2132128218474952,0.1011904776096344,0.16043880581855774,0.30507320165634155,1.008
normal,127,2202,0.23153215468272,0.20823194300666253,0.1011284738779068,0.15970149636268616,0.30090588331222534,1.016
normal,128,2132,0.2296552506535007,0.20570544210342423,0.10225442796945572,0.16048593819141388,0.2905130982398987,1.024
normal,129,2071,0.22990865977278083,0.20799665487913502,0.09935205429792404,0.16111771762371063,0.28405314683914185,1.032
normal,130,1981,0.2348269039070622,0.21023367638623733,0.09775784611701965,0.16374269127845764,0.2907117009162903,1.04
normal,131,1962,0.24072131632990867,0.21779842861152654,0.09905123710632324,0.1686241626739502,0.29525482654571533,1.048
normal,132,1865,0.23847061661212524,0.21624587005508342,0.09761686623096466,0.1652119755744934,0.2962694764137268,1.056
normal,133,1760,0.231109621139529,0.2079905435243846,0.09371348470449448,0.16204051673412323,0.2896522581577301,1.064
normal,134,1693,0.2252619184014661,0.19791073819176547,0.09389013797044754,0.16300812363624573,0.2832649052143097,1.072
normal,135,1605,0.22202273981204704,0.19422850150872967,0.09273742884397507,0.16355298459529877,0.2801007628440857,1.08
normal,136,1529,0.2255429457976654,0.19613079819063078,0.09310151636600494,0.16609880328178406,0.2873534560203552,1.088
normal,137,1504,0.229569843727346,0.19634342868472696,0.0950520858168602,0.1688411384820938,0.2949978709220886,1.096
normal,138,1402,0.23324027209916018,0.2045273824362607,0.09195657074451447,0.168813094496727,0.30089351534843445,1.104
normal,139,1324,0.22868794960084476,0.19695036220560075,0.09227557480335236,0.17028112709522247,0.307059109210968,1.112
normal,140,1269,0.22169071686427697,0.1853006096461729,0.0886981412768364,0.16367651522159576,0.3037180006504059,1.12
normal,141,1182,0.21137760727670848,0.1676279658777855,0.08864900469779968,0.1647331714630127,0.30035972595214844,1.128
normal,142,1122,0.21062993037474131,0.16930817729474332,0.08859223127365112,0.1578798145055771,0.3014608323574066,1.136
normal,143,1120,0.21670540022262555,0.17420886286004258,0.0921446681022644,0.1620553433895111,0.3103078007698059,1.144
normal,144,1050,0.21892491841821798,0.1744779586372958,0.09669117629528046,0.1635030210018158,0.31670281291007996,1.152
normal,145,996,0.2239491567137206,0.1732274040310934,0.09859155118465424,0.17035110294818878,0.3204633295536041,1.16
normal,146,941,0.22522733291626168,0.17594964319947015,0.10238511115312576,0.16822034120559692,0.31650984287261963,1.168
normal,147,874,0.2254437828715944,0.17905575273338714,0.10184287279844284,0.16706730425357819,0.3125428259372711,1.176
normal,148,814,0.22582664464786878,0.1795558420470659,0.10322108119726181,0.16871386766433716,0.31388479471206665,1.184
normal,149,792,0.224652410691517,0.17004797917044667,0.10791366547346115,0.17471590638160706,0.31568998098373413,1.192
normal,150,711,0.21713869812873451,0.15883732154323457,0.10192237794399261,0.1697080284357071,0.30723562836647034,1.2
normal,151,644,0.21619760616203793,0.16381378911329386,0.10135674476623535,0.16081130504608154,0.2826894521713257,1.208
normal,152,614,0.2173387160139266,0.16744566246493284,0.1026965007185936,0.15752707421779633,0.2966326177120209,1.216
normal,153,562,0.2191006019015488,0.16404815479004597,0.10324104130268097,0.15776173770427704,0.29597198963165283,1.224
normal,154,494,0.2253040964881322,0.1743681243289948,0.10382978618144989,0.1595044583082199,0.3330775201320648,1.232
normal,155,484,0.2295639130867987,0.17450084975618924,0.10942354053258896,0.16457679867744446,0.33355748653411865,1.24
normal,156,427,0.22143626618864282,0.16196350240067867,0.11034482717514038,0.16245733201503754,0.29913240671157837,1.248
normal,157,380,0.21485550486433663,0.15448909884617276,0.10792951285839081,0.1593625545501709,0.2808564305305481,1.256
normal,158,347,0.2146244274884441,0.16479714242768473,0.10870193690061569,0.1617593616247177,0.2739996016025543,1.264
normal,159,303,0.20760779086309838,0.158576303330304,0.10514198243618011,0.157657653093338,0.25465312600135803,1.272
normal,160,257,0.2031034327996351,0.14535752513704014,0.10578583925962448,0.15150316059589386,0.2543841004371643,1.28
normal,161,253,0.20710480474524584,0.15174378412821882,0.10650887340307236,0.14858199656009674,0.2560032606124878,1.288
normal,162,216,0.20457857555744272,0.15699146434408823,0.10256410390138626,0.15113547444343567,0.2451019585132599,1.296
